Puzzle_P1_C1,10.76.0.100
Social_P1_C1,10.76.0.103
Feeder_P1_C1,10.76.0.101
Observ_P1_C1,10.76.0.102
Puzzle_P2_C3,10.76.0.198
Social_P2_C3,10.76.0.106
Feeder_P2_C3,10.76.0.199
Observ_P2_C3,10.76.0.105
Puzzle_P3_C5,10.76.0.116
Social_P3_C5,10.76.0.108
Feeder_P3_C5,10.76.0.107
Observ_P3_C5,10.76.0.109
Puzzle_P4_C7,10.76.0.117
Social_P4_C7,10.76.0.112
Feeder_P4_C7,10.76.0.118
Observ_P4_C7,10.76.0.111
Puzzle_P5_C9,10.76.0.119
Social_P5_C9,10.76.0.115
Feeder_P5_C9,10.76.0.200
Observ_P5_C9,10.76.0.114
Puzzle_P6_D1,10.76.0.120
Social_P6_D1,10.76.0.209
Feeder_P6_D1,10.76.0.207
Observ_P6_D1,10.76.0.208
Puzzle_P7_D3,10.76.0.213
Social_P7_D3,10.76.0.203
Feeder_P7_D3,10.76.0.113
Observ_P7_D3,10.76.0.202
Puzzle_P8_D5,10.76.0.214
Social_P8_D5,10.76.0.211
Feeder_P8_D5,10.76.0.210
Observ_P8_D5,10.76.0.212
Puzzle_P9_D7,10.76.0.215
Social_P9_D7,10.76.0.206
Feeder_P9_D7,10.76.0.204
Observ_P9_D7,10.76.0.205
Puzzle_P10_D4,10.76.0.216
Social_P10_D4,10.76.0.217
Feeder_P10_D4,10.76.0.218
Observ_P10_D4,10.76.0.219
Puzzle_P11_D6,10.76.0.190
Social_P11_D6,10.76.0.191
Feeder_P11_D6,10.76.0.192
Observ_P11_D6,10.76.0.193
Puzzle_P12_D8,10.76.0.194
Social_P12_D8,10.76.0.195
Feeder_P12_D8,10.76.0.196
Observ_P12_D8,10.76.0.197
